Date,Year,Quarter,Month,Month in text,Week,Day
2023-01-01 00:00:00,2023,1,1,January,1,1
2023-01-02 00:00:00,2023,1,1,January,1,2
2023-01-03 00:00:00,2023,1,1,January,1,3
2023-01-04 00:00:00,2023,1,1,January,1,4
2023-01-05 00:00:00,2023,1,1,January,1,5
2023-01-06 00:00:00,2023,1,1,January,1,6
2023-01-07 00:00:00,2023,1,1,January,1,7
2023-01-08 00:00:00,2023,1,1,January,2,8
2023-01-09 00:00:00,2023,1,1,January,2,9
2023-01-10 00:00:00,2023,1,1,January,2,10
2023-01-11 00:00:00,2023,1,1,January,2,11
2023-01-12 00:00:00,2023,1,1,January,2,12
2023-01-13 00:00:00,2023,1,1,January,2,13
2023-01-14 00:00:00,2023,1,1,January,2,14
2023-01-15 00:00:00,2023,1,1,January,3,15
2023-01-16 00:00:00,2023,1,1,January,3,16
2023-01-17 00:00:00,2023,1,1,January,3,17
2023-01-18 00:00:00,2023,1,1,January,3,18
2023-01-19 00:00:00,2023,1,1,January,3,19
2023-01-20 00:00:00,2023,1,1,January,3,20
2023-01-21 00:00:00,2023,1,1,January,3,21
2023-01-22 00:00:00,2023,1,1,January,4,22
2023-01-23 00:00:00,2023,1,1,January,4,23
2023-01-24 00:00:00,2023,1,1,January,4,24
2023-01-25 00:00:00,2023,1,1,January,4,25
2023-01-26 00:00:00,2023,1,1,January,4,26
2023-01-27 00:00:00,2023,1,1,January,4,27
2023-01-28 00:00:00,2023,1,1,January,4,28
2023-01-29 00:00:00,2023,1,1,January,5,29
2023-01-30 00:00:00,2023,1,1,January,5,30
2023-01-31 00:00:00,2023,1,1,January,5,31
2023-02-01 00:00:00,2023,1,2,February,5,1
2023-02-02 00:00:00,2023,1,2,February,5,2
2023-02-03 00:00:00,2023,1,2,February,5,3
2023-02-04 00:00:00,2023,1,2,February,5,4
2023-02-05 00:00:00,2023,1,2,February,6,5
2023-02-06 00:00:00,2023,1,2,February,6,6
2023-02-07 00:00:00,2023,1,2,February,6,7
2023-02-08 00:00:00,2023,1,2,February,6,8
2023-02-09 00:00:00,2023,1,2,February,6,9
2023-02-10 00:00:00,2023,1,2,February,6,10
2023-02-11 00:00:00,2023,1,2,February,6,11
2023-02-12 00:00:00,2023,1,2,February,7,12
2023-02-13 00:00:00,2023,1,2,February,7,13
2023-02-14 00:00:00,2023,1,2,February,7,14
2023-02-15 00:00:00,2023,1,2,February,7,15
2023-02-16 00:00:00,2023,1,2,February,7,16
2023-02-17 00:00:00,2023,1,2,February,7,17
2023-02-18 00:00:00,2023,1,2,February,7,18
2023-02-19 00:00:00,2023,1,2,February,8,19
2023-02-20 00:00:00,2023,1,2,February,8,20
2023-02-21 00:00:00,2023,1,2,February,8,21
2023-02-22 00:00:00,2023,1,2,February,8,22
2023-02-23 00:00:00,2023,1,2,February,8,23
2023-02-24 00:00:00,2023,1,2,February,8,24
2023-02-25 00:00:00,2023,1,2,February,8,25
2023-02-26 00:00:00,2023,1,2,February,9,26
2023-02-27 00:00:00,2023,1,2,February,9,27
2023-02-28 00:00:00,2023,1,2,February,9,28
2023-03-01 00:00:00,2023,1,3,March,9,1
2023-03-02 00:00:00,2023,1,3,March,9,2
2023-03-03 00:00:00,2023,1,3,March,9,3
2023-03-04 00:00:00,2023,1,3,March,9,4
2023-03-05 00:00:00,2023,1,3,March,10,5
2023-03-06 00:00:00,2023,1,3,March,10,6
2023-03-07 00:00:00,2023,1,3,March,10,7
2023-03-08 00:00:00,2023,1,3,March,10,8
2023-03-09 00:00:00,2023,1,3,March,10,9
2023-03-10 00:00:00,2023,1,3,March,10,10
2023-03-11 00:00:00,2023,1,3,March,10,11
2023-03-12 00:00:00,2023,1,3,March,11,12
2023-03-13 00:00:00,2023,1,3,March,11,13
2023-03-14 00:00:00,2023,1,3,March,11,14
2023-03-15 00:00:00,2023,1,3,March,11,15
2023-03-16 00:00:00,2023,1,3,March,11,16
2023-03-17 00:00:00,2023,1,3,March,11,17
2023-03-18 00:00:00,2023,1,3,March,11,18
2023-03-19 00:00:00,2023,1,3,March,12,19
2023-03-20 00:00:00,2023,1,3,March,12,20
2023-03-21 00:00:00,2023,1,3,March,12,21
2023-03-22 00:00:00,2023,1,3,March,12,22
2023-03-23 00:00:00,2023,1,3,March,12,23
2023-03-24 00:00:00,2023,1,3,March,12,24
2023-03-25 00:00:00,2023,1,3,March,12,25
2023-03-26 00:00:00,2023,1,3,March,13,26
2023-03-27 00:00:00,2023,1,3,March,13,27
2023-03-28 00:00:00,2023,1,3,March,13,28
2023-03-29 00:00:00,2023,1,3,March,13,29
2023-03-30 00:00:00,2023,1,3,March,13,30
2023-03-31 00:00:00,2023,1,3,March,13,31
2023-04-01 00:00:00,2023,2,4,April,13,1
2023-04-02 00:00:00,2023,2,4,April,14,2
2023-04-03 00:00:00,2023,2,4,April,14,3
2023-04-04 00:00:00,2023,2,4,April,14,4
2023-04-05 00:00:00,2023,2,4,April,14,5
2023-04-06 00:00:00,2023,2,4,April,14,6
2023-04-07 00:00:00,2023,2,4,April,14,7
2023-04-08 00:00:00,2023,2,4,April,14,8
2023-04-09 00:00:00,2023,2,4,April,15,9
2023-04-10 00:00:00,2023,2,4,April,15,10
2023-04-11 00:00:00,2023,2,4,April,15,11
2023-04-12 00:00:00,2023,2,4,April,15,12
2023-04-13 00:00:00,2023,2,4,April,15,13
2023-04-14 00:00:00,2023,2,4,April,15,14
2023-04-15 00:00:00,2023,2,4,April,15,15
2023-04-16 00:00:00,2023,2,4,April,16,16
2023-04-17 00:00:00,2023,2,4,April,16,17
2023-04-18 00:00:00,2023,2,4,April,16,18
2023-04-19 00:00:00,2023,2,4,April,16,19
2023-04-20 00:00:00,2023,2,4,April,16,20
2023-04-21 00:00:00,2023,2,4,April,16,21
2023-04-22 00:00:00,2023,2,4,April,16,22
2023-04-23 00:00:00,2023,2,4,April,17,23
2023-04-24 00:00:00,2023,2,4,April,17,24
2023-04-25 00:00:00,2023,2,4,April,17,25
2023-04-26 00:00:00,2023,2,4,April,17,26
2023-04-27 00:00:00,2023,2,4,April,17,27
2023-04-28 00:00:00,2023,2,4,April,17,28
2023-04-29 00:00:00,2023,2,4,April,17,29
2023-04-30 00:00:00,2023,2,4,April,18,30
2023-05-01 00:00:00,2023,2,5,May,18,1
2023-05-02 00:00:00,2023,2,5,May,18,2
2023-05-03 00:00:00,2023,2,5,May,18,3
2023-05-04 00:00:00,2023,2,5,May,18,4
2023-05-05 00:00:00,2023,2,5,May,18,5
2023-05-06 00:00:00,2023,2,5,May,18,6
2023-05-07 00:00:00,2023,2,5,May,19,7
2023-05-08 00:00:00,2023,2,5,May,19,8
2023-05-09 00:00:00,2023,2,5,May,19,9
2023-05-10 00:00:00,2023,2,5,May,19,10
2023-05-11 00:00:00,2023,2,5,May,19,11
2023-05-12 00:00:00,2023,2,5,May,19,12
2023-05-13 00:00:00,2023,2,5,May,19,13
2023-05-14 00:00:00,2023,2,5,May,20,14
2023-05-15 00:00:00,2023,2,5,May,20,15
2023-05-16 00:00:00,2023,2,5,May,20,16
2023-05-17 00:00:00,2023,2,5,May,20,17
2023-05-18 00:00:00,2023,2,5,May,20,18
2023-05-19 00:00:00,2023,2,5,May,20,19
2023-05-20 00:00:00,2023,2,5,May,20,20
2023-05-21 00:00:00,2023,2,5,May,21,21
2023-05-22 00:00:00,2023,2,5,May,21,22
2023-05-23 00:00:00,2023,2,5,May,21,23
2023-05-24 00:00:00,2023,2,5,May,21,24
2023-05-25 00:00:00,2023,2,5,May,21,25
2023-05-26 00:00:00,2023,2,5,May,21,26
2023-05-27 00:00:00,2023,2,5,May,21,27
2023-05-28 00:00:00,2023,2,5,May,22,28
2023-05-29 00:00:00,2023,2,5,May,22,29
2023-05-30 00:00:00,2023,2,5,May,22,30
2023-05-31 00:00:00,2023,2,5,May,22,31
2023-06-01 00:00:00,2023,2,6,June,22,1
2023-06-02 00:00:00,2023,2,6,June,22,2
2023-06-03 00:00:00,2023,2,6,June,22,3
2023-06-04 00:00:00,2023,2,6,June,23,4
2023-06-05 00:00:00,2023,2,6,June,23,5
2023-06-06 00:00:00,2023,2,6,June,23,6
2023-06-07 00:00:00,2023,2,6,June,23,7
2023-06-08 00:00:00,2023,2,6,June,23,8
2023-06-09 00:00:00,2023,2,6,June,23,9
2023-06-10 00:00:00,2023,2,6,June,23,10
2023-06-11 00:00:00,2023,2,6,June,24,11
2023-06-12 00:00:00,2023,2,6,June,24,12
2023-06-13 00:00:00,2023,2,6,June,24,13
2023-06-14 00:00:00,2023,2,6,June,24,14
2023-06-15 00:00:00,2023,2,6,June,24,15
2023-06-16 00:00:00,2023,2,6,June,24,16
2023-06-17 00:00:00,2023,2,6,June,24,17
2023-06-18 00:00:00,2023,2,6,June,25,18
2023-06-19 00:00:00,2023,2,6,June,25,19
2023-06-20 00:00:00,2023,2,6,June,25,20
2023-06-21 00:00:00,2023,2,6,June,25,21
2023-06-22 00:00:00,2023,2,6,June,25,22
2023-06-23 00:00:00,2023,2,6,June,25,23
2023-06-24 00:00:00,2023,2,6,June,25,24
2023-06-25 00:00:00,2023,2,6,June,26,25
2023-06-26 00:00:00,2023,2,6,June,26,26
2023-06-27 00:00:00,2023,2,6,June,26,27
2023-06-28 00:00:00,2023,2,6,June,26,28
2023-06-29 00:00:00,2023,2,6,June,26,29
2023-06-30 00:00:00,2023,2,6,June,26,30
2023-07-01 00:00:00,2023,3,7,July,26,1
2023-07-02 00:00:00,2023,3,7,July,27,2
2023-07-03 00:00:00,2023,3,7,July,27,3
2023-07-04 00:00:00,2023,3,7,July,27,4
2023-07-05 00:00:00,2023,3,7,July,27,5
2023-07-06 00:00:00,2023,3,7,July,27,6
2023-07-07 00:00:00,2023,3,7,July,27,7
2023-07-08 00:00:00,2023,3,7,July,27,8
2023-07-09 00:00:00,2023,3,7,July,28,9
2023-07-10 00:00:00,2023,3,7,July,28,10
2023-07-11 00:00:00,2023,3,7,July,28,11
2023-07-12 00:00:00,2023,3,7,July,28,12
2023-07-13 00:00:00,2023,3,7,July,28,13
2023-07-14 00:00:00,2023,3,7,July,28,14
2023-07-15 00:00:00,2023,3,7,July,28,15
2023-07-16 00:00:00,2023,3,7,July,29,16
2023-07-17 00:00:00,2023,3,7,July,29,17
2023-07-18 00:00:00,2023,3,7,July,29,18
2023-07-19 00:00:00,2023,3,7,July,29,19
2023-07-20 00:00:00,2023,3,7,July,29,20
2023-07-21 00:00:00,2023,3,7,July,29,21
2023-07-22 00:00:00,2023,3,7,July,29,22
2023-07-23 00:00:00,2023,3,7,July,30,23
2023-07-24 00:00:00,2023,3,7,July,30,24
2023-07-25 00:00:00,2023,3,7,July,30,25
2023-07-26 00:00:00,2023,3,7,July,30,26
2023-07-27 00:00:00,2023,3,7,July,30,27
2023-07-28 00:00:00,2023,3,7,July,30,28
2023-07-29 00:00:00,2023,3,7,July,30,29
2023-07-30 00:00:00,2023,3,7,July,31,30
2023-07-31 00:00:00,2023,3,7,July,31,31
2023-08-01 00:00:00,2023,3,8,August,31,1
2023-08-02 00:00:00,2023,3,8,August,31,2
2023-08-03 00:00:00,2023,3,8,August,31,3
2023-08-04 00:00:00,2023,3,8,August,31,4
2023-08-05 00:00:00,2023,3,8,August,31,5
2023-08-06 00:00:00,2023,3,8,August,32,6
2023-08-07 00:00:00,2023,3,8,August,32,7
2023-08-08 00:00:00,2023,3,8,August,32,8
2023-08-09 00:00:00,2023,3,8,August,32,9
2023-08-10 00:00:00,2023,3,8,August,32,10
2023-08-11 00:00:00,2023,3,8,August,32,11
2023-08-12 00:00:00,2023,3,8,August,32,12
2023-08-13 00:00:00,2023,3,8,August,33,13
2023-08-14 00:00:00,2023,3,8,August,33,14
2023-08-15 00:00:00,2023,3,8,August,33,15
2023-08-16 00:00:00,2023,3,8,August,33,16
2023-08-17 00:00:00,2023,3,8,August,33,17
2023-08-18 00:00:00,2023,3,8,August,33,18
2023-08-19 00:00:00,2023,3,8,August,33,19
2023-08-20 00:00:00,2023,3,8,August,34,20
2023-08-21 00:00:00,2023,3,8,August,34,21
2023-08-22 00:00:00,2023,3,8,August,34,22
2023-08-23 00:00:00,2023,3,8,August,34,23
2023-08-24 00:00:00,2023,3,8,August,34,24
2023-08-25 00:00:00,2023,3,8,August,34,25
2023-08-26 00:00:00,2023,3,8,August,34,26
2023-08-27 00:00:00,2023,3,8,August,35,27
2023-08-28 00:00:00,2023,3,8,August,35,28
2023-08-29 00:00:00,2023,3,8,August,35,29
2023-08-30 00:00:00,2023,3,8,August,35,30
2023-08-31 00:00:00,2023,3,8,August,35,31
2023-09-01 00:00:00,2023,3,9,September,35,1
2023-09-02 00:00:00,2023,3,9,September,35,2
2023-09-03 00:00:00,2023,3,9,September,36,3
2023-09-04 00:00:00,2023,3,9,September,36,4
2023-09-05 00:00:00,2023,3,9,September,36,5
2023-09-06 00:00:00,2023,3,9,September,36,6
2023-09-07 00:00:00,2023,3,9,September,36,7
2023-09-08 00:00:00,2023,3,9,September,36,8
2023-09-09 00:00:00,2023,3,9,September,36,9
2023-09-10 00:00:00,2023,3,9,September,37,10
2023-09-11 00:00:00,2023,3,9,September,37,11
2023-09-12 00:00:00,2023,3,9,September,37,12
2023-09-13 00:00:00,2023,3,9,September,37,13
2023-09-14 00:00:00,2023,3,9,September,37,14
2023-09-15 00:00:00,2023,3,9,September,37,15
2023-09-16 00:00:00,2023,3,9,September,37,16
2023-09-17 00:00:00,2023,3,9,September,38,17
2023-09-18 00:00:00,2023,3,9,September,38,18
2023-09-19 00:00:00,2023,3,9,September,38,19
2023-09-20 00:00:00,2023,3,9,September,38,20
2023-09-21 00:00:00,2023,3,9,September,38,21
2023-09-22 00:00:00,2023,3,9,September,38,22
2023-09-23 00:00:00,2023,3,9,September,38,23
2023-09-24 00:00:00,2023,3,9,September,39,24
2023-09-25 00:00:00,2023,3,9,September,39,25
2023-09-26 00:00:00,2023,3,9,September,39,26
2023-09-27 00:00:00,2023,3,9,September,39,27
2023-09-28 00:00:00,2023,3,9,September,39,28
2023-09-29 00:00:00,2023,3,9,September,39,29
2023-09-30 00:00:00,2023,3,9,September,39,30
2023-10-01 00:00:00,2023,4,10,October,40,1
2023-10-02 00:00:00,2023,4,10,October,40,2
2023-10-03 00:00:00,2023,4,10,October,40,3
2023-10-04 00:00:00,2023,4,10,October,40,4
2023-10-05 00:00:00,2023,4,10,October,40,5
2023-10-06 00:00:00,2023,4,10,October,40,6
2023-10-07 00:00:00,2023,4,10,October,40,7
2023-10-08 00:00:00,2023,4,10,October,41,8
2023-10-09 00:00:00,2023,4,10,October,41,9
2023-10-10 00:00:00,2023,4,10,October,41,10
2023-10-11 00:00:00,2023,4,10,October,41,11
2023-10-12 00:00:00,2023,4,10,October,41,12
2023-10-13 00:00:00,2023,4,10,October,41,13
2023-10-14 00:00:00,2023,4,10,October,41,14
2023-10-15 00:00:00,2023,4,10,October,42,15
2023-10-16 00:00:00,2023,4,10,October,42,16
2023-10-17 00:00:00,2023,4,10,October,42,17
2023-10-18 00:00:00,2023,4,10,October,42,18
2023-10-19 00:00:00,2023,4,10,October,42,19
2023-10-20 00:00:00,2023,4,10,October,42,20
2023-10-21 00:00:00,2023,4,10,October,42,21
2023-10-22 00:00:00,2023,4,10,October,43,22
2023-10-23 00:00:00,2023,4,10,October,43,23
2023-10-24 00:00:00,2023,4,10,October,43,24
2023-10-25 00:00:00,2023,4,10,October,43,25
2023-10-26 00:00:00,2023,4,10,October,43,26
2023-10-27 00:00:00,2023,4,10,October,43,27
2023-10-28 00:00:00,2023,4,10,October,43,28
2023-10-29 00:00:00,2023,4,10,October,44,29
2023-10-30 00:00:00,2023,4,10,October,44,30
2023-10-31 00:00:00,2023,4,10,October,44,31
2023-11-01 00:00:00,2023,4,11,November,44,1
2023-11-02 00:00:00,2023,4,11,November,44,2
2023-11-03 00:00:00,2023,4,11,November,44,3
2023-11-04 00:00:00,2023,4,11,November,44,4
2023-11-05 00:00:00,2023,4,11,November,45,5
2023-11-06 00:00:00,2023,4,11,November,45,6
2023-11-07 00:00:00,2023,4,11,November,45,7
2023-11-08 00:00:00,2023,4,11,November,45,8
2023-11-09 00:00:00,2023,4,11,November,45,9
2023-11-10 00:00:00,2023,4,11,November,45,10
2023-11-11 00:00:00,2023,4,11,November,45,11
2023-11-12 00:00:00,2023,4,11,November,46,12
2023-11-13 00:00:00,2023,4,11,November,46,13
2023-11-14 00:00:00,2023,4,11,November,46,14
2023-11-15 00:00:00,2023,4,11,November,46,15
2023-11-16 00:00:00,2023,4,11,November,46,16
2023-11-17 00:00:00,2023,4,11,November,46,17
2023-11-18 00:00:00,2023,4,11,November,46,18
2023-11-19 00:00:00,2023,4,11,November,47,19
2023-11-20 00:00:00,2023,4,11,November,47,20
2023-11-21 00:00:00,2023,4,11,November,47,21
2023-11-22 00:00:00,2023,4,11,November,47,22
2023-11-23 00:00:00,2023,4,11,November,47,23
2023-11-24 00:00:00,2023,4,11,November,47,24
2023-11-25 00:00:00,2023,4,11,November,47,25
2023-11-26 00:00:00,2023,4,11,November,48,26
2023-11-27 00:00:00,2023,4,11,November,48,27
2023-11-28 00:00:00,2023,4,11,November,48,28
2023-11-29 00:00:00,2023,4,11,November,48,29
2023-11-30 00:00:00,2023,4,11,November,48,30
2023-12-01 00:00:00,2023,4,12,December,48,1
2023-12-02 00:00:00,2023,4,12,December,48,2
2023-12-03 00:00:00,2023,4,12,December,49,3
2023-12-04 00:00:00,2023,4,12,December,49,4
2023-12-05 00:00:00,2023,4,12,December,49,5
2023-12-06 00:00:00,2023,4,12,December,49,6
2023-12-07 00:00:00,2023,4,12,December,49,7
2023-12-08 00:00:00,2023,4,12,December,49,8
2023-12-09 00:00:00,2023,4,12,December,49,9
2023-12-10 00:00:00,2023,4,12,December,50,10
2023-12-11 00:00:00,2023,4,12,December,50,11
2023-12-12 00:00:00,2023,4,12,December,50,12
2023-12-13 00:00:00,2023,4,12,December,50,13
2023-12-14 00:00:00,2023,4,12,December,50,14
2023-12-15 00:00:00,2023,4,12,December,50,15
2023-12-16 00:00:00,2023,4,12,December,50,16
2023-12-17 00:00:00,2023,4,12,December,51,17
2023-12-18 00:00:00,2023,4,12,December,51,18
2023-12-19 00:00:00,2023,4,12,December,51,19
2023-12-20 00:00:00,2023,4,12,December,51,20
2023-12-21 00:00:00,2023,4,12,December,51,21
2023-12-22 00:00:00,2023,4,12,December,51,22
2023-12-23 00:00:00,2023,4,12,December,51,23
2023-12-24 00:00:00,2023,4,12,December,52,24
2023-12-25 00:00:00,2023,4,12,December,52,25
2023-12-26 00:00:00,2023,4,12,December,52,26
2023-12-27 00:00:00,2023,4,12,December,52,27
2023-12-28 00:00:00,2023,4,12,December,52,28
2023-12-29 00:00:00,2023,4,12,December,52,29
2023-12-30 00:00:00,2023,4,12,December,52,30
2023-12-31 00:00:00,2023,4,12,December,53,31
